Horaire	1	10	11	12	13	14	15	16	17	18	19	2	20	21	22	23	24	25	26	27	28	29	3	30	4	5	6	7	8	9
2020-07-24 00:00:00	22,807	22,418	22,043	21,232	22,681	22,906	22,043	21,974	21,638	22,019	20,059	22,906	22,113	20,378	21,851	22,538	21,653	23,029	22,738	22,315	22,643	23,041	22,424	23,554	22,691	23,551	23,66	21,98	20,683	22,225
2020-07-24 01:00:00	21,922	21,885	21,167	20,413	21,255	21,856	21,214	21	20,958	21,161	19,284	22,351	21,129	19,308	21,089	21,82	21,058	22,132	21,854	21,36	21,418	22,342	21,206	22,768	22,113	22,775	22,853	21,386	19,698	21,429
2020-07-24 02:00:00	21,223	21,351	20,543	20,292	20,863	21,31	20,931	21,208	20,344	20,554	18,618	22,12	20,933	19,007	20,827	21,604	20,378	21,479	21,694	21,292	21,461	21,443	21,717	21,876	21,481	22,07	21,924	21,125	20,124	21,266
2020-07-24 03:00:00	21,351	20,484	20,747	20,012	20,55	21,114	20,605	20,698	20,285	20,756	18,581	21,561	20,894	19,154	20,67	21,319	19,988	21,201	20,865	20,8	20,825	21,228	20,982	21,84	20,747	21,793	21,588	20,813	19,159	20,703
2020-07-24 04:00:00	20,945	20,501	20,541	20,221	20,76	20,914	20,925	20,583	20,243	20,265	18,964	21,369	20,497	18,716	20,479	21,147	20,146	21,161	20,847	20,444	20,963	21,328	21,32	21,633	19,698	21,36	21,478	20,7	19,425	20,738
2020-07-24 05:00:00	21,324	20,641	20,773	20,202	20,82	21,08	20,78	20,559	20,809	21,007	19,204	21,134	20,758	18,938	20,765	21,489	20,151	21,19	20,241	20,645	21,156	21,136	20,787	21,337	19,888	21,174	21,386	20,556	19,428	20,539
2020-07-24 06:00:00	20,709	19,943	19,356	19,156	19,752	20,215	20,114	19,349	19,109	20,296	18,594	20,914	19,469	17,485	20,355	20,78	20,263	20,504	21,47	21,018	20,8	20,365	20,829	20,943	19,243	20,862	21,319	20,44	19,189	20,028
2020-07-24 07:00:00	19,894	19,239	19,554	19,133	19,373	19,497	19,567	19,079	19,118	19,658	18,899	20,523	19,497	17,734	19,53	19,722	19,219	19,582	21,047	20,734	20,389	19,673	20,01	19,741	19,286	19,733	20,521	19,805	18,547	19,3
2020-07-24 08:00:00	19,726	19,035	18,872	18,639	19,189	19,197	19,102	19,328	19,131	19,356	18,605	19,993	19,276	17,776	19,447	19,708	18,884	19,586	20,045	19,875	19,48	19,415	19,756	19,591	18,889	19,575	20,116	19,432	18,854	19,12
2020-07-24 09:00:00	20,694	20,774	21,083	20,789	22,05	20,703	21,599	21,903	21,474	21,525	21,447	21,123	21,498	20,065	21,266	20,74	20,743	21,378	21,537	22,422	21,642	20,949	20,996	20,732	20,998	20,789	21,027	21,967	19,719	21,002
2020-07-24 10:00:00	21,766	23,02	23,034	22,922	23,998	22,866	22,963	24,618	23,792	23,524	24,044	22,095	24,063	22,172	23,013	22,486	22,714	23,736	22,652	24,649	23,024	22,732	22,778	22,581	23,56	22,418	23,279	24,55	21,689	23,295
2020-07-24 11:00:00	24,623	24,737	26,189	24,733	25,977	24,508	24,771	26,02	25,441	25,229	24,147	24,663	25,541	24,391	25,628	24,614	25,562	25,116	25,442	26,821	25,915	24,82	25,012	24,496	25,356	24,361	25,484	26,035	25,552	24,881
2020-07-24 12:00:00	27,774	26,627	26,569	25,856	27,721	26,534	26,476	26,641	27,358	27,102	25,413	26,192	27,854	26,613	27,569	26,488	27,568	25,676	26,956	27,694	26,799	26,603	26,896	25,7	27,597	26,292	27,667	26,12	25,737	26,522
2020-07-24 13:00:00	28,57	28,248	28,422	27,592	29,232	28,07	28,171	29,326	29,32	28,209	26,835	27,581	29,237	27,363	28,35	29,343	28,692	27,411	29,075	28,007	29,121	28,791	28,687	27,588	28,141	27,209	29,175	27,665	29,272	28,879
2020-07-24 14:00:00	29,848	28,319	30,068	29,104	31,648	28,35	29,641	30,688	29,444	31,193	28,399	29,86	30,214	28,905	29,885	29,628	29,774	27,823	28,869	29,463	31,188	29,129	29,56	28,637	29,067	28,073	29,597	27,821	28,837	28,805
2020-07-24 15:00:00	30,676	27,981	28,996	28,856	31,097	29,638	29,218	30,974	29,604	30,818	28,626	30,482	30,303	29,407	30,813	30,356	29,515	28,896	30,046	30,001	32,624	30,745	29,517	30,539	29,913	29,131	30,085	28,876	27,929	28,736
2020-07-24 16:00:00	30,185	28,761	31,253	29,141	32,757	31,431	29,304	31,316	29,92	29,313	29,53	31,089	30,999	28,546	29,49	29,441	29,848	30,011	29,47	30,145	32,647	30,788	29,555	32,358	30,639	31,496	31,308	28,643	28,741	29,648
2020-07-24 17:00:00	29,582	29,65	30,902	29,848	31,563	31,067	29,247	31,171	29,542	30,639	29,836	29,908	31,808	28,666	30,274	29,077	29,215	29,571	29,814	29,626	30,905	30,34	29,036	30,613	28,485	30,313	30,1	29,464	28,807	29,682
2020-07-24 18:00:00	30,328	28,796	29,257	29,426	31,618	29,432	29,197	30,45	29,298	31,218	29,363	30,758	30,915	28,17	29,93	29,532	28,95	30,086	29,589	29,283	29,974	29,913	29,432	30,14	28,725	30,701	29,407	29,033	28,582	29,776
2020-07-24 19:00:00	27,789	26,45	26,246	26,4	27,266	26,452	26,833	27,011	26,871	27,409	26,192	28,07	27,435	27,366	27,774	28,287	26,605	27,156	27,942	27,353	27,308	27,331	28,377	27,322	26,07	27,576	28,149	26,752	26,258	26,565
2020-07-24 20:00:00	24,483	23,725	23,968	24,005	23,972	23,968	23,91	24,177	24,077	24,061	23,65	24,777	24,52	23,434	24,202	24,454	23,815	24,207	24,656	24,93	24,322	24,017	24,623	24,387	23,157	24,499	24,857	24,054	23,089	23,94
2020-07-24 21:00:00	23,208	22,436	22,759	22,551	22,796	22,937	22,841	22,741	22,91	23,194	22,229	23,568	22,949	22,034	23,07	23,524	22,977	23,199	23,311	22,638	23,641	23,337	23,503	23,397	22,001	23,311	24,385	22,698	21,701	22,695
2020-07-24 22:00:00	22,479	21,566	21,951	21,604	21,676	21,901	21,865	21,789	21,791	21,849	20,909	23,213	22,295	20,949	22,236	22,534	21,635	22,352	21,874	21,391	22,293	22,087	22,878	22,595	21,315	22,89	23,273	21,764	20,601	21,761
2020-07-24 23:00:00	21,701	20,871	20,887	20,552	20,65	21,107	20,7	20,845	20,947	21,009	19,923	21,723	21,268	20,034	21,528	21,779	20,386	21,311	20,951	20,532	22,436	21,582	21,793	21,433	20,945	21,514	22,474	21,519	20,056	20,743
2020-07-25 00:00:00	20,836	20,803	20,146	19,997	19,958	20,714	20,182	19,741	20,061	20,026	18,742	21,505	20,146	19,447	20,793	20,958	20,16	21,034	20,893	19,73	20,854	20,922	21,216	21,067	19,275	21,11	21,065	20,164	19,541	20,581
2020-07-25 01:00:00	20,608	20,035	19,639	19,404	20,102	20,391	20,054	19,687	19,447	20,27	17,787	21,109	19,722	18,355	20,028	20,754	19,626	20,707	20,409	19,308	20,59	20,528	20,943	20,588	19,05	20,65	21,061	19,514	18,968	20,072
2020-07-25 02:00:00	19,23	19,408	18,768	18,402	19,146	19,362	19,254	19,169	18,732	19,234	17,078	19,892	18,652	18,163	19,776	19,892	19,133	19,765	19,857	20,21	20,105	19,558	19,754	19,632	18,887	19,539	20,472	19,508	17,493	19,291
2020-07-25 03:00:00	18,869	18,474	18,344	17,506	18,521	18,672	18,605	17,997	17,965	18,148	16,166	19,399	18,329	16,517	18,056	19,146	18,448	19,13	18,949	19,189	18,88	18,882	19,195	19,035	18,276	19,085	19,637	18,844	17,912	18,511
2020-07-25 04:00:00	18,09	18,052	17,671	16,802	17,867	18,387	17,925	17,249	16,977	17,247	15,784	19,027	17,455	15,885	17,325	18,094	17,342	18,663	18,624	17,922	18,826	18,558	18,687	18,607	17,888	18,571	19,211	18,205	16,36	18,116
2020-07-25 05:00:00	17,713	17,954	17,199	16,505	17,516	17,696	17,439	17,273	16,938	16,904	15,376	18,218	17,119	15,348	16,681	17,559	16,798	18,408	18,178	18,069	17,836	18,194	17,797	18,721	17,26	18,493	18,83	17,8	17,023	17,871
2020-07-25 06:00:00	17,916	17,487	17,164	16,954	17,901	17,721	17,438	17,207	17,034	16,931	15,764	18,096	16,986	15,772	16,628	17,289	17,086	18,211	18,094	17,732	17,327	17,867	17,453	18,105	16,956	18,028	18,265	17,239	17,462	17,413
2020-07-25 07:00:00	18,523	18,704	20,162	19,13	19,722	18,571	18,803	18,378	19,288	18,874	18,99	19,156	18,483	17,222	18,768	18,391	17,85	19,12	18,506	18,635	17,952	18,314	18,629	18,917	17,759	18,968	19,397	19,204	17,569	18,376
2020-07-25 08:00:00	19,693	19,916	22,168	20,86	21,25	19,726	21,069	20,408	20,933	20,508	21,456	20,257	20,419	19,04	21,027	19,632	19,276	21,651	19,837	20,929	21,297	19,578	20,081	19,846	19,91	20,006	20,681	20,811	19,053	19,425
2020-07-25 09:00:00	20,974	21,112	22,44	22,318	23,775	21,067	22,963	22,268	22,191	22,878	22,028	22,023	23,063	21,49	21,931	21,433	21,078	22,944	21,25	23,88	22,059	21,553	21,541	21,703	21,974	21,748	22,209	23,087	20,78	21,689
2020-07-25 10:00:00	22,231	23,648	24,385	23,199	24,571	23,477	23,533	24,254	24,321	24,315	24,606	23,63	24,78	23,713	24,026	22,882	23,378	23,436	23,556	25,325	24,559	23,456	23,188	22,882	24,079	23,298	23,523	24,163	22,082	23,794
2020-07-25 11:00:00	25,121	25,34	27,278	25,382	26,84	24,628	24,947	25,878	26,646	26,572	24,613	25,903	26,744	25,713	25,709	25,337	26,481	25,304	26,146	27,066	25,799	24,543	26,134	24,911	25,661	24,681	25,527	25,146	27,271	25,795
2020-07-25 12:00:00	27,821	27,687	28,182	27,496	28,97	28,025	27,687	28,637	27,978	29,001	26,896	27,423	29,057	27,435	28,027	28,627	27,677	26,901	28,17	28,126	27,399	27,609	27,656	27,09	28,95	27,086	28,886	27,527	27,03	27,638
2020-07-25 13:00:00	29,687	29,261	30,088	29,109	29,384	29,52	29,077	30,058	30,221	29,56	28,066	29,483	30,608	28,632	29,254	29,018	29,486	29,22	30,095	29,729	29,087	30,407	28,671	28,195	29,562	28,221	30,2	28,955	30,874	29,363
2020-07-25 14:00:00	30,643	30,038	30,559	29,942	31,336	30,979	30,79	31,585	31,081	31,55	29,569	29,997	30,318	30,572	31,203	30,884	30,509	29,522	30,261	30,192	32,983	31,159	30,564	30,599	31,786	29,89	30,499	29,843	29,991	30,142
2020-07-25 15:00:00	31,821	29,835	32,169	30,788	32,941	32,036	30,818	32,056	31,894	31,701	30,211	31,608	31,726	30,313	31,571	30,927	30,675	31,021	30,598	30,929	33,246	31,938	30,554	31,303	30,132	31,881	31,928	30,132	29,961	30,775
2020-07-25 16:00:00	31,361	31,146	33,231	31,378	32,924	32,777	30,8	32,855	31,861	32,204	31,788	32,074	32,503	30,465	31,523	30,977	30,939	31,558	31,149	31,391	33,659	31,43	31,064	31,656	30,539	32,272	33,037	31,346	30,802	31,675
2020-07-25 17:00:00	30,915	30,599	32,413	31,031	32,318	31,591	30,494	32,408	31,014	32,003	30,842	31,239	32,782	30,291	31,666	30,758	31,006	31,012	30,728	30,551	32,034	31,46	30,833	31,791	28,514	31,263	31,318	30,952	30,417	30,999
2020-07-25 18:00:00	30,376	30,268	30,793	30,132	31,263	30,433	30,118	30,745	30,152	30,544	29,833	30,259	30,601	29,281	30,293	30,36	29,934	30,333	29,761	30,236	30,589	30,427	30,031	30,807	29,288	30,681	30,464	30,417	29,828	30,274
2020-07-25 19:00:00	29,9	29,154	29,608	29,315	29,952	29,549	28,82	30,39	29,486	30,423	28,324	30,197	29,88	28,717	29,616	29,779	29,227	29,913	29,342	29,776	29,249	29,937	29,693	30,165	28,974	29,789	29,88	28,737	28,227	29,254
2020-07-25 20:00:00	28,394	27,496	28,037	27,045	28,36	28,214	27,592	28,526	28,307	28,472	25,616	28,837	28,11	26,577	27,764	28,774	27,416	28,502	27,644	27,037	27,784	28,268	28,752	28,805	26,414	28,424	27,997	26,925	25,882	27,621
2020-07-25 21:00:00	26,84	25,937	26,308	25,13	26,586	26,677	25,363	25,854	25,768	26,194	22,924	26,613	25,849	24,623	25,477	26,977	24,998	26,927	25,629	25,657	25,436	26,474	26,061	27,165	24,651	26,985	26,716	25,01	23,912	25,941
2020-07-25 22:00:00	25,406	24,893	24,667	23,397	24,412	25,012	24,077	24,284	23,812	24,593	21,789	25,64	24,876	22,522	24,175	25,196	24,009	25,378	24,252	24,237	25,101	25,37	25,179	26,122	25,022	26,034	25,293	23,984	22,386	24,233
2020-07-25 23:00:00	23,952	23,968	23,38	22,184	23,729	24,244	23,196	23,498	22,787	23,438	20,577	24,075	23,695	21,145	23,059	23,812	22,778	24,117	23,004	23,171	23,441	24,031	23,799	24,756	24,482	24,918	25,316	23,291	21,978	23,219
2020-07-26 00:00:00	23,544	22,714	22,597	21,57	23,084	23,448	22,517	22,725	22,122	22,853	20,404	23,664	22,942	20,903	22,681	23,501	22,021	23,528	24,019	23,533	23,167	23,544	23,673	24,107	23,477	24,21	24,159	22,624	21,543	22,604
2020-07-26 01:00:00	22,97	21,94	21,908	20,942	22,304	22,275	22,107	22,053	21,442	22,27	19,695	22,922	22,218	20,351	22,179	22,595	21,51	22,876	22,96	22,903	22,898	22,883	22,802	23,503	21,757	23,167	23,305	21,764	20,567	21,89
2020-07-26 02:00:00	21,955	21,411	21,125	20,466	22,01	22,215	21,366	21,469	21,103	21,489	20,021	22,411	21,613	19,693	21,499	22,113	21,043	22,361	22,113	21,931	21,843	22,379	22,468	22,867	22,499	23,018	23,057	21,703	20,367	21,636
2020-07-26 03:00:00	22,012	21,47	20,882	20,133	21,337	21,84	21,121	20,849	20,738	21,34	18,858	22	21,194	19,339	21,375	22,233	20,711	22,252	21,308	21,366	21,645	21,976	21,275	22,584	21,154	22,402	21,962	20,954	20,705	21,076
2020-07-26 04:00:00	21,206	19,993	20,054	19,589	20,397	20,426	20,157	20,587	20,168	20,36	18,663	21,17	20,603	18,577	20,433	21,034	19,964	20,927	20,38	20,257	20,694	21,023	20,771	21,21	19,892	21,306	21,681	20,376	18,809	20,017
2020-07-26 05:00:00	20,703	19,912	19,958	19,262	20,094	20,66	19,977	19,932	19,951	20,164	18,641	21,199	20,336	18,504	20,098	20,903	19,824	21	20,131	20,087	19,916	21,052	21,138	20,823	19,284	21,089	20,785	20,096	18,899	20,098
2020-07-26 06:00:00	20,629	19,892	19,945	19,36	20,16	20,619	19,918	20,234	19,564	19,785	18,112	20,873	20,131	17,907	19,724	20,331	19,423	20,873	20,389	20,535	20,481	20,778	20,66	20,66	19,23	20,61	20,843	20,052	18,614	19,967
2020-07-26 07:00:00	20,736	20,285	20,756	20,239	20,849	20,789	20,698	20,716	20,448	20,431	19,539	21,228	20,891	19,118	20,316	20,754	19,978	20,945	20,785	21,036	20,963	21,121	20,45	21,165	20,763	21,599	21,75	20,514	19,502	20,751
2020-07-26 08:00:00	21,532	22,281	23,799	22,773	22,292	21,644	23,415	22,096	22,372	22,454	22,608	22,401	21,93	20,364	22,331	21,965	21,263	22,858	21,712	24,17	23,39	22,053	21,544	22,336	22,768	22,309	22,488	23,425	21,333	22,258
2020-07-26 09:00:00	23,404	23,754	25,756	24,315	25,25	23,873	25,378	26,053	24,994	25,196	23,938	24	25,429	23,185	24,641	23,729	23,531	24,387	23,463	25,323	23,903	23,565	23,288	23,933	24,061	23,908	24,415	24,693	22,62	24,002
2020-07-26 10:00:00	24,782	25,463	28,044	26,45	26,493	25,179	25,498	27,208	27,399	26,931	26,357	25,494	26,533	25,593	26,003	25,276	25,411	25,721	25,626	27,044	29,496	25,351	24,989	25,617	25,709	25,456	26,123	26,208	24,716	26,113
2020-07-26 11:00:00	27,141	27,298	29,355	27,993	29,367	28,158	28,593	28,131	28,475	28,08	27,476	27,721	28,339	27,127	27,74	28,549	27,765	27,44	27,559	28,275	29,473	27,76	27,269	27,891	27,151	27,818	28,702	28,539	28,048	28,639
2020-07-26 12:00:00	28,712	28,71	30,673	29,247	29,945	30,532	30,403	31,226	30,728	30,922	28,913	28,707	30,85	29,138	29,794	29,293	29,175	28,854	28,531	29,116	30,356	29,629	28,566	29,114	27,803	28,977	29,181	30,159	29,252	29,518
2020-07-26 13:00:00	30,11	29,905	31,844	30,11	31,091	31,206	31,284	31,908	30,593	30,407	29,491	30,348	31,508	29,821	30,125	30,41	30,641	29,626	29,555	29,707	32,284	30,778	29,451	30,073	28,932	29,966	30,016	30,741	30,206	30,492
2020-07-26 14:00:00	30,798	31,223	33,016	31,021	31,779	32,106	31,974	31,886	31,753	31,756	31,022	31,168	32,35	30,795	31,525	31,913	31,219	30,5	29,893	30,263	32,944	32,74	30,785	31,351	30,135	31,261	31,473	30,972	30,96	31,206
2020-07-26 15:00:00	31,813	31,608	33,751	31,758	33,736	32,309	31,788	33,314	32,019	31,994	31,428	31,821	32,705	30,656	31,214	31,804	31,283	30,728	31,54	30,526	32,916	32,574	30,969	31,478	30,358	31,625	31,738	30,91	31,308	31,385
2020-07-26 16:00:00	31,883	31,926	32,878	31,461	33,288	31,951	31,565	32,511	31,803	31,616	31,173	31,796	32,895	30,32	31,201	31,041	31,548	30,899	30,763	31,184	32,775	32,279	31,909	31,824	30,096	31,656	32,392	31,341	31,096	31,703
2020-07-26 17:00:00	30,987	31,163	32,798	31,042	33,203	32,353	31,194	32,455	31,346	32,224	31,191	32,009	31,854	30,427	31,611	30,892	31,138	30,959	30,433	30,353	32,144	31,964	31,106	32,526	29,1	31,486	32,149	31,151	30,989	31,421
2020-07-26 18:00:00	31,38	31,158	31,364	30,837	32,574	31,168	30,807	32,018	30,552	31,869	31,007	31,966	32,036	30,154	31,124	30,89	30,38	31,438	30,621	30,37	31,309	31,024	30,711	31,258	30,475	31,358	31,184	30,189	30,613	31,288
2020-07-26 19:00:00	30,008	30,413	30,299	30,992	30,464	30,661	29,636	30,499	29,515	30,1	29,534	30,611	30,293	28,921	29,722	29,873	29,39	30,266	29,139	29,729	30,323	30,08	29,714	30,495	28,475	30,907	30,588	29,003	29,608	30,375
2020-07-26 20:00:00	28,346	28,7	28,607	28,373	28,597	28,823	28,233	28,955	27,968	28,556	27,254	28,289	28,93	26,593	28,187	28,416	28,233	28,707	27,627	27,94	27,699	28,404	28,061	28,737	26,569	28,47	28,969	28,522	28,188	28,627
2020-07-26 21:00:00	27,103	26,703	27,124	26,795	27,467	27,593	27,165	26,747	25,827	26,787	24,51	26,866	26,814	24,893	26,345	26,84	26,084	27,407	25,773	25,697	26,447	27,256	26,706	27,701	26,399	27,673	27,653	26,766	25,205	26,996
2020-07-26 22:00:00	26,165	25,569	24,961	24,061	25,349	25,586	24,813	24,857	24,294	24,686	22,513	26,153	25,198	22,755	24,623	25,742	24,223	25,994	24,385	24,406	24,669	25,78	25,811	26,61	24,869	26,536	26,07	24,504	23,323	24,935
2020-07-26 23:00:00	24,031	24,089	23,546	22,77	24,096	24,345	23,752	23,982	23,116	23,238	21,083	24,695	23,475	21,331	22,988	23,701	23,164	24,237	23,791	23,673	23,625	24,338	24,133	24,604	23,05	25,062	25,267	23,201	22,111	23,357
2020-07-27 00:00:00	23,224	23,034	22,484	21,591	23,224	23,51	22,757	22,62	22,041	22,602	20,096	23,551	22,568	20,572	22,488	23,256	22,258	23,395	22,254	22,249	23,087	23,39	22,199	23,785	23,281	24,116	24,223	22,429	21,232	22,599
2020-07-27 01:00:00	22,796	21,976	21,818	20,853	21,782	22,627	21,698	21,87	21,061	21,557	19,661	23,001	21,949	19,967	21,779	22,338	21,355	22,812	22,229	22,095	22,713	22,659	22,54	23,291	21,485	23,328	23,22	21,665	20,902	21,789
2020-07-27 02:00:00	21,246	21,479	20,858	19,807	20,843	21,62	20,86	20,776	20,442	21,118	18,517	22,275	20,958	19,308	21,121	21,838	20,557	21,978	21,326	21,561	21,382	22,134	22,216	22,545	21,368	22,613	22,385	21,032	19,495	20,814
2020-07-27 03:00:00	21,208	20,567	20,294	19,323	21,009	21,187	20,177	20,235	19,844	20,395	17,942	21,872	20,334	18,809	20,364	21,178	20,155	21,615	20,807	20,356	20,453	21,431	21,449	21,723	19,925	21,672	21,689	20,541	18,971	20,21
2020-07-27 04:00:00	20,369	20,182	19,473	18,502	19,7	20,278	19,643	19,523	19,094	19,482	17,224	21,127	19,639	18,146	19,56	20,356	19,172	20,793	20,701	20,762	20,546	20,649	20,433	21,127	19,115	21,08	20,787	19,774	18,352	19,63
2020-07-27 05:00:00	19,835	19,538	19,269	18,148	19,338	20,032	19,395	19,367	18,68	19,191	17,071	20,362	19,219	17,54	19,256	19,966	18,956	20,096	20,283	20,415	20,347	20,138	19,989	20,681	19,571	20,807	20,829	19,434	17,908	19,654
2020-07-27 06:00:00	19,757	19,556	19,085	18,239	20,508	19,719	19,105	19,005	18,478	19,21	16,921	20,47	19,221	17,759	19,247	19,643	18,659	19,868	19,84	19,94	19,905	19,925	19,804	20,34	18,491	20,078	20,528	19,352	17,447	19,117
2020-07-27 07:00:00	20,763	20,459	22,821	20,457	22,295	20,627	20,951	19,936	21,036	21,1	20,373	21,266	20,16	19,567	21,324	20,871	19,667	22,136	20,883	20,996	20,618	20,497	20,949	20,765	20,109	21,09	21,19	22,256	17,971	20,254
2020-07-27 08:00:00	22,087	22,333	24,745	23,915	23,332	22,347	23,406	22,527	22,834	23,009	23,625	22,857	22,089	21,964	22,963	22,035	21,627	24,408	22,54	23,914	23,602	22,288	22,267	22,529	22,502	22,381	22,583	23,648	19,597	21,948
2020-07-27 09:00:00	23,341	24,002	26,943	25,399	26,208	23,616	25,203	24,382	25,179	25,13	25,168	24,202	25,564	23,739	25,37	23,926	23,625	25,773	24,252	26,158	24,928	23,796	24,522	24,296	24,312	23,989	24,392	24,803	23,304	24,427
2020-07-27 10:00:00	25,326	26,249	27,464	26,058	27,274	25,515	26,282	27,023	27,815	26,172	27,226	26,466	27,247	26,686	26,961	25,555	26,349	27,706	26,409	27,134	27,73	26,213	26,56	26,037	26,627	26,091	26,481	27,064	25,061	25,588
2020-07-27 11:00:00	27,723	28,177	29,23	28,827	30,653	27,952	28,561	30,68	29,513	30,261	28,317	28,812	28,864	28,954	28,495	28,139	28,475	28,399	28,249	29,053	29,68	28,577	27,816	28,153	29,148	28,272	28,188	30,422	30,177	28,331
2020-07-27 12:00:00	30,247	30,711	31,343	30,884	31,201	30,887	30,202	31,918	31,334	32,613	29,885	30,276	32,044	30,122	30,864	31,047	31,062	30,167	30,989	31,383	32,34	30,93	30,778	30,039	30,214	30,338	31,633	30,184	29,929	30,954
2020-07-27 13:00:00	32,428	33,004	34,674	33,112	33,167	33,999	33,297	34,424	33,683	33,761	31,956	32,21	33,556	32,205	32,699	32,885	33,357	32,33	32,687	33,43	34,822	33,645	31,888	32,626	32,715	33,085	34,376	33,364	33,846	33,289
2020-07-27 14:00:00	34,247	33,963	37,153	34,847	35,407	36,192	34,056	36,053	35,478	36,175	33,697	34,272	35,936	34,779	34,469	34,113	34,185	33,399	34,322	33,716	36,002	35,72	34,039	34,509	35,169	34,489	35,527	34,442	34,199	34,902
2020-07-27 15:00:00	36,042	35,448	36,185	34,999	36,427	37,283	35,492	36,456	36,273	36,431	35,507	35,761	36,764	34,599	35,756	35,26	35,403	34,545	35,326	35,443	38,18	36,409	34,692	35,743	35,133	35,822	36,825	35,59	35,077	36,225
2020-07-27 16:00:00	36,538	35,634	37,662	36,317	37,855	37,824	35,928	37,883	36,785	37,712	36,195	36,157	36,581	35,402	36,632	35,103	36,274	36	35,443	35,905	38,417	36,541	36,174	37,387	35,991	36,629	36,963	36,319	35,578	36,421
2020-07-27 17:00:00	35,836	35,854	37,806	36,533	37,263	37,768	35,435	38,518	36,071	37,466	36,691	37,262	36,864	35,365	36,409	35,306	35,849	36,185	35,854	35,618	37,845	36,459	35,187	36,678	34,181	36,912	36,249	36,381	35,821	36,429
2020-07-27 18:00:00	36,467	35,915	36,009	36,365	36,907	36,475	34,603	37,405	35,077	37,009	35,933	37,032	37,407	34,657	35,905	35,285	35,24	36,675	35,483	34,91	36,347	35,852	35,344	36,2	35,455	36,343	36,055	36,019	34,07	36,259
2020-07-27 19:00:00	34,71	34,684	34,953	35,159	35,014	35,032	33,7	34,984	33,198	34,469	34,14	34,941	35,113	31,963	34,046	34,366	33,225	34,903	33,523	34,123	34,839	34,48	34,196	34,928	33,19	34,979	35,492	34,034	33,836	34,831
2020-07-27 20:00:00	32,031	32,26	32,4	31,866	32,422	32,574	31,886	32,621	31,906	32,348	30,266	31,981	32,395	29,944	32,189	32,031	31,808	32,28	31,66	31,715	32,131	32,262	31,869	32,448	29,698	32,322	31,988	33,461	31,671	32,42
2020-07-27 21:00:00	30,075	30,564	30,544	29,979	30,516	30,572	30,257	30,619	30,412	30,413	28,654	30,044	30,75	29,439	30,242	30,128	30,078	30,343	29,688	29,927	30,382	30,303	29,947	30,554	28,326	30,485	30,653	32,546	30,107	30,47
2020-07-27 22:00:00	28,705	29,05	28,955	28,874	28,977	29,32	29,089	29,112	29,016	29,094	28,404	28,808	29,5	27,997	28,984	28,898	28,725	28,989	28,377	28,637	28,866	28,982	28,626	29,078	26,989	28,965	29,36	29,411	28,555	29,082
2020-07-27 23:00:00	27,636	28	27,859	27,563	27,901	28,007	27,786	27,738	27,692	27,644	27,1	27,569	28,098	26,615	27,588	27,544	27,578	27,777	27,264	27,37	27,844	27,801	27,365	27,9	25,96	27,825	27,883	27,605	27,401	27,816
2020-07-28 00:00:00	26,469	26,862	26,675	26,404	26,674	26,845	26,824	26,478	26,667	26,407	26,215	26,259	26,806	25,728	26,387	26,402	26,399	26,624	26,137	26,467	26,77	26,644	26,168	26,83	24,338	26,845	26,869	26,244	26,268	26,871
2020-07-28 01:00:00	25,605	26,061	25,623	25,432	25,778	25,713	25,565	25,654	25,59	25,674	25,406	25,373	26,094	24,427	25,583	25,668	25,203	25,655	25,2	25,546	25,761	25,645	25,305	25,806	23,905	25,78	25,84	25,229	25,151	25,795
2020-07-28 02:00:00	24,845	25,281	24,946	24,792	25,081	25,272	24,991	25,033	24,832	24,883	24,719	24,9	25,394	22,665	25,014	24,975	24,683	25,149	24,291	24,482	24,677	25,017	24,792	24,986	24,007	24,972	25,034	24,441	24,179	25,052
2020-07-28 03:00:00	24,634	24,655	24,466	24,27	24,562	24,639	24,266	24,27	24,534	23,57	23,284	24,396	24,702	21,915	24,508	24,639	24,145	24,813	23,85	24,005	24,21	24,539	24,196	24,469	23,084	24,429	24,625	23,507	23,165	24,389
2020-07-28 04:00:00	23,482	24,224	23,47	22,858	23,25	23,486	23,367	22,969	22,826	22,526	22,186	23,975	23,401	21,016	22,632	23,51	22,935	23,915	22,876	22,417	23,079	24,023	23,697	24,597	22,597	24,217	24,154	22,83	22,967	23,903
2020-07-28 05:00:00	23,323	23,258	22,766	22,096	22,846	22,834	22,641	22,759	21,983	22,256	20,798	23,02	22,709	20,285	22,376	23,291	22,044	23,305	22,161	21,645	22,365	23,475	22,736	23,75	21,886	23,736	23,775	22,356	23,054	22,876
2020-07-28 06:00:00	22,402	23,036	22,175	21,757	23,038	22,602	22,461	22,152	21,91	21,606	20,55	22,762	22,422	20,34	21,915	22,543	21,622	22,616	21,879	21,831	22,113	23,211	22,408	23,233	22,356	23,526	23,321	22,406	22,13	22,846
2020-07-28 07:00:00	23,075	23,39	24,277	23,219	24,613	23,316	23,643	23,16	24,427	23,056	22,851	23,826	23,466	21,712	23,62	22,979	22,479	24,517	23,886	23,288	23,171	23,342	23,775	23,433	22,302	23,665	23,819	24,103	21,08	23,399
2020-07-28 08:00:00	24,832	24,935	26,622	25,22	25,714	25,001	25,98	25,787	26,127	25,416	25,69	25,545	25,007	24,054	25,918	24,426	24,371	27,167	24,564	26,084	26,191	24,399	24,958	24,597	24,77	25,128	26,003	25,906	23,501	24,813
2020-07-28 09:00:00	25,991	26,294	27,963	26,66	28,4	26,001	27,529	28,295	28,324	27,047	27,004	26,466	28,173	25,832	26,845	26,134	25,999	26,529	25,97	27,465	29,144	25,88	26,4	25,994	27,39	26,43	26,67	27,426	25,201	26,649
2020-07-28 10:00:00	27,946	29,293	29,917	28,319	29,362	28,414	28,999	28,636	29,35	29,163	28,073	28,068	29,552	27,738	28,241	27,639	27,964	28,641	28,786	29,567	30,807	28,066	27,646	28,668	27,503	29,063	28,475	30,301	28,45	28,862
2020-07-28 11:00:00	29,293	30,096	31,774	30,269	30,726	30,47	30,767	31,435	31,022	30,874	29,466	29,959	31,259	29,412	30,123	29,997	30,299	29,18	29,715	30,929	31,61	29,675	29,417	30,279	28,81	29,85	30,435	31,665	31,029	30,221
2020-07-28 12:00:00	31,243	31,171	33,41	31,638	31,72	32,619	32,714	31,056	31,516	32,294	30,745	31,158	31,316	30,13	31,381	31,084	31,319	30,793	31,498	31,616	32,51	31,433	30,392	30,884	30,567	31,456	31,768	31,731	31,455	31,501
2020-07-28 13:00:00	31,097	32,367	33,559	31,873	32,037	31,561	31,641	32,986	31,791	32,553	31,214	31,061	32,062	30,86	31,861	31,039	30,899	30,899	30,94	30,877	31,448	31,874	31,154	31,58	29,989	31,231	31,788	32,86	31,556	32,161
2020-07-28 14:00:00	32,989	33,526	35,172	33,625	33,342	34,272	33,678	35,146	33,733	33,943	32,71	33,73	34,507	32,863	33,735	33,183	32,671	32,317	33,256	33,412	35,844	33,804	32,511	32,647	32,365	33,609	33,839	33,481	33,632	33,632
2020-07-28 15:00:00	33,905	34,555	36,203	33,943	34,342	35,324	34,789	36,296	34,69	35,438	33,786	34,419	34,829	33,418	34,363	33,66	33,827	33,506	33,96	34,173	35,872	34,806	33,794	34,907	32,699	34,061	34,626	34,844	34,332	34,765
2020-07-28 16:00:00	32,422	32,913	33,458	32,613	33,082	32,86	32,705	33,521	32,885	33,039	32,325	32,544	33,128	31,824	32,456	32,353	32,362	32,583	29,114	30,598	32,431	32,717	32,373	32,765	31,763	32,825	33,12	33,258	31,878	32,954
2020-07-28 17:00:00	31,164	31,655	32,214	31,505	31,791	31,883	31,583	31,485	31,369	31,523	30,594	31,289	31,671	30,79	31,348	31,236	31,203	31,56	30,552	30,837	31,451	31,466	31,124	31,556	29,925	31,779	31,653	31,45	30,757	31,705
2020-07-28 18:00:00	30,061	29,887	29,262	28,68	29,178	29,532	29,402	28,624	29,046	29,185	28,104	30,395	28,676	27,568	29,323	30,088	29,315	30,214	29,198	29,104	29,934	30,296	30,177	30,696	30,492	30,539	30,397	30,505	29,161	29,739
2020-07-28 19:00:00	28,627	28,761	28,732	28,304	28,769	28,906	28,668	27,182	28,07	28,049	27,687	28,59	28,37	25,253	27,365	28,688	28,692	28,839	28,122	28,314	28,734	28,754	28,234	28,896	28,097	28,866	28,932	28,607	28,187	28,631
2020-07-28 20:00:00	28,774	29,692	29,485	29,028	29,058	29,368	29,284	28,492	28,372	28,444	28,444	28,548	28,84	27,842	28,121	28,444	28,709	29,197	28,321	29,384	29,781	29,385	28,377	29,685	28,372	29,697	29,9	30,075	29,414	29,537
2020-07-28 21:00:00	27,821	28,407	28,098	27,804	28,007	28,117	28,115	27,711	27,593	27,547	27,469	27,782	28,114	26,399	27,378	27,626	27,695	28,1	27,767	27,986	28,239	28,112	27,648	28,307	26,514	28,307	28,546	29,264	28,087	28,251
2020-07-28 22:00:00	26,674	27,254	27,004	26,727	26,895	27,097	27,026	26,831	26,965	26,836	26,576	26,603	27,261	25,529	26,711	26,771	26,725	26,968	26,387	26,708	26,96	26,956	26,461	27,127	25,604	27,17	27,595	27,968	26,961	27,121
2020-07-28 23:00:00	26,459	26,828	26,663	26,435	26,66	26,739	26,624	26,266	26,297	26,204	25,956	26,447	26,66	25,217	26,135	26,438	26,462	26,629	26,087	26,394	26,553	26,605	26,204	26,794	25,859	26,85	27,365	26,98	26,316	26,79
2020-07-29 00:00:00	26,115	26,118	26,402	26,089	26,299	26,464	26,38	25,707	26,03	25,552	25,78	26,07	26,218	24,949	25,602	26,163	26,113	26,378	25,73	26,104	26,309	26,289	25,908	26,469	24,864	26,459	26,718	25,913	25,747	26,371
2020-07-29 01:00:00	25,392	25,118	25,839	25,475	25,617	25,752	25,759	25,252	25,604	25,325	25,241	25,302	25,723	23,924	25,165	25,404	25,427	25,579	25,015	25,238	25,512	25,607	25,226	25,828	24,14	25,768	25,932	25,141	25,498	25,795
2020-07-29 02:00:00	24,322	24,539	24,683	24,298	24,728	25,067	24,7	24,266	24,534	24,207	24,007	24,371	24,812	23,196	24,184	24,361	24,212	25,186	24,714	25,019	24,702	25,069	24,251	25,37	23,565	25,397	25,21	24,637	23,952	24,709
2020-07-29 03:00:00	23,891	24,277	24,026	23,745	24,014	24,181	24,117	23,843	24,079	23,792	23,018	23,836	24,261	22,857	23,72	23,905	23,538	24,13	23,938	24,235	24,471	24,124	23,761	24,44	23,203	24,639	24,308	23,584	23,256	24,373
2020-07-29 04:00:00	23,503	23,706	23,447	23,093	23,636	23,708	23,538	23,461	23,153	23,006	22,417	23,429	23,531	21,726	23,517	23,651	23,111	23,769	23,328	24,021	23,431	23,801	23,254	24,061	22,631	24,005	24,016	23,235	22,044	23,644
2020-07-29 05:00:00	22,556	23,134	22,559	22,188	22,32	22,47	22,624	22,385	22,313	21,618	21,183	23,242	22,547	20,831	21,782	22,883	22,061	23,052	22,652	22,718	22,798	22,86	23,211	23,431	22,73	23,787	23,842	22,654	21,933	22,839
2020-07-29 06:00:00	22,274	22,675	22,279	21,908	22,191	22,29	22,061	22,025	21,712	21,597	21,036	22,654	22,37	20,537	21,557	22,265	21,572	22,468	22,292	21,771	22,501	22,501	22,336	22,882	22,19	23,298	23,588	22,54	21,854	22,302
2020-07-29 07:00:00	22,479	23,217	24,431	22,689	23,754	22,883	23,427	22,583	23,346	22,85	22,495	22,73	22,661	21,405	22,974	22,764	22,039	23,538	22,89	22,089	22,47	22,711	22,538	23,286	22,901	23,174	23,561	23,583	21,883	22,905
2020-07-29 08:00:00	23,778	24,822	25,347	24,644	25,278	23,887	24,89	24,742	24,778	24,63	25,2	24,195	24,145	23,235	24,655	23,894	23,546	25,13	23,367	24,674	24,763	23,924	23,864	24,102	23,66	23,761	24,182	25,253	23,004	24,321
2020-07-29 09:00:00	24,625	26,096	26,802	26,228	26,528	25,18	26,751	26,907	26,727	25,825	27,18	25,014	26,445	24,859	26,522	24,975	24,883	26,187	24,413	25,863	27,085	24,998	24,744	25,619	25,501	25,384	25,649	25,828	24,763	25,524
2020-07-29 10:00:00	26,01	26,754	28,321	27,474	27,675	27,009	26,862	28,4	28,671	28,143	27,085	26,655	29,035	26,77	27,465	26,67	27,054	27,806	26,524	27,074	27,774	26,881	26,624	26,485	27,532	26,845	26,8	27,874	26,01	26,92
2020-07-29 11:00:00	27,476	28,029	30,571	28,158	28,974	28,974	28,609	30,023	30,16	29,431	28,317	27,701	30,363	28,194	28,675	27,387	28,444	27,515	27,624	28,724	31,653	28,517	27,798	27,701	27,883	27,905	28,651	29,008	29,893	28,504
2020-07-29 12:00:00	29,109	29,151	30,797	30,222	30,77	30,705	30,666	30,584	30,661	30,425	29,409	29,48	30,455	29,37	30,09	31,076	29,673	28,927	29,648	30,195	32,265	30,358	29,534	29,48	28,994	29,299	30,063	29,853	29,451	30,194
2020-07-29 13:00:00	31,173	30,82	32,307	30,43	31,385	32,521	31,39	32,011	32,084	31,763	30,403	30,96	30,929	30,437	31,111	30,693	31,56	30,762	31,339	30,477	33,374	31,889	30,623	30,626	30,261	30,909	31,963	30,643	31,233	30,942
2020-07-29 14:00:00	31,431	30,93	32,318	31,591	32,551	32,385	31,823	33,226	32,378	32,435	31,181	32,112	32,564	31,43	32,037	32,046	31,663	31,239	31,598	31,361	33,248	32,498	31,938	31,771	30,043	31,485	32,378	31,903	31,082	31,198
2020-07-29 15:00:00	31,368	31,814	33,506	32,42	33,764	32,205	32,684	34,095	33,251	33,417	31,851	32,205	33,601	31,716	32,146	31,184	31,573	31,53	31,844	32,325	33,922	32,717	31,688	32,204	30,454	32,212	32,149	32,903	31,336	32,037
2020-07-29 16:00:00	32,049	32,235	33,655	32,44	33,196	33,372	32,661	34,5	32,996	33,06	32,054	32,367	33,874	31,856	32,8	31,686	32,207	32,352	32,468	32,408	34,332	33,165	32,217	33,177	30,952	33,193	32,566	32,986	31,811	32,069
2020-07-29 17:00:00	32,054	32,412	33,5	32,097	33,369	33,057	32,074	33,236	32,22	33,057	32,558	32,417	33,523	31,468	32,652	31,758	32,224	32,114	32,149	31,843	33,064	32,318	31,5	32,832	30,353	32,579	32,265	32,609	31,74	32,244
2020-07-29 18:00:00	31,473	31,518	32,199	31,71	32,629	31,881	31,57	32,543	31,49	32,343	31,803	31,671	32,35	30,972	32,076	31,458	31,239	31,761	31,471	31,555	32,127	31,826	31,343	32,077	30,185	32,021	31,618	32,385	31,323	31,783
2020-07-29 19:00:00	30,398	30,629	31,059	30,413	30,812	30,85	30,608	30,912	30,382	30,648	30,098	30,5	30,812	29,961	30,562	30,415	30,301	30,614	30,293	30,582	30,942	30,663	30,304	31,007	28,546	30,795	30,77	30,895	30,301	30,663
2020-07-29 20:00:00	29,621	29,93	30,172	29,697	30,039	30,194	29,858	29,898	29,638	29,976	29,483	29,65	30,36	29,38	29,796	29,757	29,577	29,897	29,193	29,628	29,882	29,863	29,549	30,026	27,748	30,013	30,164	30,217	29,547	30,011
2020-07-29 21:00:00	29,094	29,165	29,333	29,033	29,33	29,483	29,165	29,222	28,933	28,898	28,72	28,952	29,414	27,337	28,648	28,935	28,908	29,38	28,859	29,099	28,397	29,284	28,788	29,448	26,701	29,478	29,475	28,588	28,681	29,134
2020-07-29 22:00:00	27,724	28,092	27,862	27,506	28,071	28	27,624	28,171	27,695	27,942	27,059	27,626	28,632	26,292	27,66	27,906	27,008	28,154	26,994	27,173	27,136	27,974	27,678	28,131	26,944	28,097	28,092	27,401	26,5	27,718
2020-07-29 23:00:00	27,04	27,413	26,927	25,868	26,85	27,006	26,746	26,838	26,454	26,425	24,438	27,016	26,754	24,705	26,407	26,843	25,934	27,121	26,125	25,633	26,225	27,203	26,646	27,643	25,795	27,672	27,556	26,296	25,757	27,064
2020-07-30 00:00:00	26,046	26,505	26,16	25,403	26,172	26,273	26,058	25,849	25,68	25,716	24,455	26,342	25,954	24,058	25,498	26,072	25,349	26,223	25,318	25,123	25,915	26,466	25,935	26,735	26,178	27,006	26,937	25,719	25,186	26,313
2020-07-30 01:00:00	25,503	25,725	25,666	24,97	25,3	25,354	25,326	25,226	24,953	25,212	23,877	26,008	25,246	23,704	25,231	25,52	25,116	25,666	25,697	25,804	25,835	25,662	25,794	25,821	25,616	25,942	26,127	25,863	24,839	25,246
2020-07-30 02:00:00	24,852	25,241	24,803	24,042	24,977	25,107	24,751	24,921	24,273	24,571	22,665	25,411	25,057	23,162	24,655	25,024	24,23	25,29	25,097	25,333	25,323	25,328	25,299	25,539	24,357	25,69	25,825	25,292	23,464	24,763
2020-07-30 03:00:00	24,763	24,28	24,07	23,523	24,417	24,489	24,123	24,072	23,792	24,378	22,129	25,307	24,233	22,697	24,473	24,94	23,644	24,782	24,45	24,639	24,862	24,81	24,813	25,036	23,259	25,177	25,107	24,406	22,697	24,399
2020-07-30 04:00:00	24,245	23,805	23,51	22,682	23,859	24,287	23,838	23,24	22,917	23,614	21,351	24,342	23,383	22,17	23,477	23,958	23,066	24,464	23,85	24,319	24,133	24,138	23,842	24,145	21,94	23,889	24,464	23,463	21,969	23,926
2020-07-30 05:00:00	23,157	23,459	22,821	22,084	23,45	23,378	23,259	23,314	22,794	23,004	20,698	23,776	22,819	21,806	22,826	23,447	22,583	23,674	23,808	23,651	23,385	23,787	23,738	24,019	22,568	24,068	24,065	22,871	21,443	22,894
2020-07-30 06:00:00	23,112	23,173	22,967	22,252	23,516	23,266	22,825	22,883	22,511	22,889	21,049	23,766	23,118	21,665	22,912	23,153	22,536	23,745	23,524	23,59	23,538	23,741	23,372	24,024	21,429	23,952	24,102	23,038	21,663	22,832
2020-07-30 07:00:00	23,724	23,367	25,59	23,854	25,212	24,145	24,387	23,933	24,224	24,065	23,114	24,175	23,812	22,841	24,063	23,688	23,048	25,607	24,298	23,609	23,325	23,961	24,145	23,937	22,759	24,17	24,084	24,691	22,066	23,319
2020-07-30 08:00:00	24,7	24,67	25,757	25,939	26,661	24,974	25,437	26,455	26,333	26,01	26,208	25,489	25,167	24,305	25,751	24,806	24,359	26,18	24,82	26,223	25,163	24,616	25,295	25,41	24,237	24,778	25,491	25,947	23,963	25,078
2020-07-30 09:00:00	25,79	26,382	27,913	27,069	28,18	25,996	27,646	27,665	27,252	26,92	27,37	26,864	27,673	26,612	27,813	26,342	26,419	27,356	26,641	28,295	27,302	26,474	26,643	26,046	26,32	26,175	27,071	27,602	25,102	26,273
2020-07-30 10:00:00	27,82	28,392	29,218	28,321	30,034	27,85	28,126	29,596	29,762	30,544	29,009	28,614	30,165	28,375	29,48	28,624	28,378	28,969	28,466	30,4	29,325	27,842	29,087	28,216	28,68	27,701	28,759	29,294	27,467	28,741
2020-07-30 11:00:00	29,195	30,105	31,395	29,74	30,857	29,947	30,231	30,619	31,046	30,969	30,008	30,316	30,937	29,714	30,85	29,819	31,097	29,87	30,945	32,044	31,326	30,574	30,487	29,52	30,412	29,464	30,194	31,019	30,557	29,877
2020-07-30 12:00:00	31,989	31,493	32,778	31,328	32,969	31,571	31,52	32,664	32,332	33,905	31,491	32,31	34,069	31,973	32,963	32,656	32,881	31,611	32,715	32,413	35,182	32,556	31,924	31,334	32,392	31,168	33,266	31,801	31,6	32,039
2020-07-30 13:00:00	33,864	32,878	34,622	33,791	34,556	33,534	33,968	35,019	34,606	35,108	32,833	34,391	35,121	33,975	35,025	33,831	33,961	33,317	34,226	34,56	36,808	33,812	34,289	32,802	34,436	32,539	33,71	33,273	33,69	33,668
2020-07-30 14:00:00	35,227	34,812	36,543	35,516	36,548	37,006	35,464	36,939	36,497	36,696	34,958	35,128	36,404	34,639	35,468	35,971	35,035	34,09	34,589	34,741	37,174	36,033	34,897	35,351	33,037	35,205	36,202	34,556	35,004	35,478
2020-07-30 15:00:00	35,052	35,715	36,77	35,54	36,953	36,739	36,284	36,751	35,997	35,753	35,291	35,717	35,926	34,109	36,047	35,377	35,342	35,144	35,73	34,994	38,038	36,652	35,049	35,974	33,966	35,497	36,251	35,707	35,464	35,958
2020-07-30 16:00:00	36,025	36,075	37,801	36,464	38,055	37,21	36,258	36,981	36,704	36,634	35,646	36,469	37,525	35,164	36,315	35,154	35,849	36,347	36,015	35,728	37,58	36,578	35,657	36,297	33,776	36,566	36,04	35,832	35,633	36,251
2020-07-30 17:00:00	35,464	35,976	37,342	35,809	36,873	37,636	35,85	36,728	35,997	36,765	35,616	36,798	37,013	35,123	36,24	34,92	35,697	36,03	35,715	35,232	36,579	36,378	34,943	36,836	33,355	36,183	36,075	36,307	35,506	36,317
2020-07-30 18:00:00	35,951	35,765	36,718	35,923	37,24	36,005	35,641	37,21	35,765	36,934	35,621	36,779	36,721	34,672	36,057	35,318	35,356	36,695	35,507	35,59	36,517	36,106	35,329	35,918	34,181	36,065	35,931	35,844	35,601	36,353
2020-07-30 19:00:00	34,56	34,758	34,984	34,414	35,156	34,773	34,269	34,898	34,447	34,636	33,908	34,479	34,834	33,415	34,404	34,38	34,266	34,636	34,049	34,371	34,883	34,745	34,271	34,844	33,43	34,72	34,728	34,765	34,029	34,821
2020-07-30 20:00:00	33,208	33,562	33,561	33,001	33,607	33,748	32,966	33,534	32,9	33,478	32,418	33,284	33,49	32,669	33,185	33,241	32,729	33,498	33,278	33,48	33,524	33,44	33,178	33,551	32,151	33,652	33,766	33,932	32,599	33,561
2020-07-30 21:00:00	32,36	32,938	32,704	31,721	32,385	32,543	32,312	32,024	31,583	31,824	31,309	32,566	32,052	30,113	31,798	32,305	31,683	32,73	32,913	32,896	32,926	32,759	32,853	33,155	31,596	33,251	33,211	33,244	32,31	32,87
2020-07-30 22:00:00	31,124	31,276	31,249	30,713	31,072	31,196	30,571	31,067	30,711	30,701	30,031	31,219	31,021	28,886	30,745	31,037	30,467	30,989	30,552	30,989	30,777	31,318	31,224	31,588	30,93	31,521	31,666	31,296	30,445	31,128
2020-07-30 23:00:00	28,194	28	28,134	28,092	28,041	27,988	27,884	28,416	28,399	28,085	28,027	28,456	28,761	27,549	28,356	28,285	27,825	28,417	28,312	28,986	28,16	27,961	28,334	28,19	26,985	28,17	28,588	28,022	27,549	27,963
2020-07-31 00:00:00	26,605	26,373	26,457	26,313	26,318	26,39	26,296	26,71	26,649	26,426	25,999	26,792	26,744	25,925	26,656	26,797	26,476	26,608	26,912	27,862	26,946	26,746	26,876	26,701	25,326	26,735	27,389	26,474	26,101	26,333
2020-07-31 01:00:00	25,529	25,059	25,167	24,93	25,259	25,279	25,132	25,326	25,302	25,378	24,758	25,954	25,688	24,587	25,463	25,628	25,066	25,524	25,6	26,006	25,425	25,581	25,778	25,477	24,454	25,664	26,184	25,299	24,752	25,227
2020-07-31 02:00:00	23,864	24,651	24,466	24,335	24,566	24,67	24,489	24,832	24,691	24,758	23,517	25,491	24,731	23,174	24,853	25,215	24,496	25,014	25,021	25,655	24,634	24,968	25,384	25,142	23,148	25,13	25,404	24,525	23,683	24,639
2020-07-31 03:00:00	24,424	24,317	24	24,135	24,258	24,494	24,144	24,026	23,5	24,265	22,082	25,014	23,982	22,518	24,007	24,784	23,808	24,623	24,426	24,2	23,884	24,473	24,873	24,44	23,009	24,349	24,74	23,922	22,368	24,174
2020-07-31 04:00:00	24,035	23,489	23,456	22,75	23,503	24,042	23,473	23,613	23,404	23,459	21,591	24,592	23,734	21,257	23,196	24,031	23,415	24,319	23,829	23,538	23,309	23,819	24,219	23,725	22,447	23,355	23,996	23,316	21,84	23,537
2020-07-31 05:00:00	23,066	22,777	22,755	22,096	22,629	23,015	22,853	22,78	22,713	22,807	20,993	23,715	22,65	20,958	22,656	23,36	22,665	23,233	23,288	24,431	23,921	23,111	23,517	22,677	21,141	23,041	23,457	22,308	20,426	22,65
2020-07-31 06:00:00	23,126	22,567	22,518	22,03	23,327	22,938	22,468	22,19	22,098	22,723	20,188	23,69	22,116	20,98	22,347	23,068	22,333	23,494	22,777	22,527	22,27	23,178	22,906	23,397	21,107	22,869	23,144	22,122	21,461	22,57
2020-07-31 07:00:00	23,422	23,304	25,342	23,263	24,543	23,621	24,151	23,41	24,184	23,743	22,184	23,843	23,222	21,93	23,673	23,48	22,722	24,778	23,282	23,478	22,956	23,546	23,866	22,853	22,347	23,422	23,783	23,56	20,889	23,24
2020-07-31 08:00:00	24,489	24,489	26,104	25,401	26,306	24,068	24,504	25,177	25,825	26,22	25,567	24,925	24,363	23,572	25,259	24,562	24,34	25,954	25,017	26,615	26,039	24,272	24,965	24,723	23,505	24,836	25,416	25,808	22,819	24,158
2020-07-31 09:00:00	25,636	26,318	27,249	27,066	27,249	25,846	26,975	28,085	27,493	27,99	28,499	26,541	27,471	26,204	27,554	26,252	26,232	27,801	26,749	27,964	26,691	26,106	26,454	26,037	26,168	26,653	26,522	27,418	25,331	26,172
2020-07-31 10:00:00	27,45	28,766	29,281	28,066	29,668	28,446	28,397	29,392	29,764	29,996	29,328	29,003	29,347	28,578	29,293	28,455	28,343	29,082	28,58	30,264	28,991	28,214	28,859	27,447	27,991	27,997	28,1	28,928	26,838	28,036
2020-07-31 11:00:00	29,321	29,724	31,533	30,291	32,071	30,392	30,026	31,535	31,616	30,34	29,845	31,052	31,378	29,987	30,945	30,939	30,454	30,547	30,395	31,533	31,49	30,432	30,693	29,461	30,283	29,502	30,162	31,248	30,665	30,222
2020-07-31 12:00:00	32,247	32,284	32,908	32,044	33,498	32,876	32,242	34,475	33,042	33,533	31,475	32,21	32,363	32,101	33,728	32,37	32,583	31,881	33,586	33,397	33,571	32,378	33,731	31,505	32,649	31,999	33,044	32,355	31,339	31,961
2020-07-31 13:00:00	34,032	33,816	36,398	34,295	35,408	35,591	34,862	35,935	35,562	35,408	33,495	34,277	35,529	34,231	35,2	34,766	35,426	33,66	34,583	33,726	37,295	35,374	34,365	33,887	33,529	34,323	35,298	35,118	35,478	34,662
2020-07-31 14:00:00	36,444	36,155	37,728	35,483	37,308	36,983	36,701	37,99	37,227	37,311	35,261	36,891	37,385	35,661	36,427	36,193	36,277	35,938	36,421	35,722	38,921	37,194	35,577	36,399	35,223	36,093	36,681	36,449	36,019	36,688
2020-07-31 15:00:00	36,728	36,817	38,619	37,522	37,944	38,676	36,993	38,808	38,008	38,808	36,975	37,395	37,756	36,746	37,247	36,932	37,471	36,507	37,117	36,96	38,742	38,272	36,632	37,43	35,167	37,14	37,687	37,304	36,817	37,57
2020-07-31 16:00:00	37,41	37,316	39,234	37,438	39,208	38,282	37,324	39,057	38,087	38,516	37,693	37,782	38,83	36,729	37,827	36,965	37,367	37,824	37,563	37,456	39,195	38,2	37,313	37,674	34,864	37,754	37,992	37,811	37,196	38,114
2020-07-31 17:00:00	37,154	37,365	38,726	37,316	38,534	38,935	36,912	39,023	37,501	38,251	37,453	38,074	38,127	36,299	37,672	36,892	37,344	37,672	37,435	36,777	38,628	38,026	36,789	38,529	34,337	37,786	37,56	37,791	36,962	37,723
2020-07-31 18:00:00	37,019	36,736	37,214	36,756	37,862	37,356	35,941	37,923	36,485	37,604	36,505	37,428	37,522	35,641	36,721	36,482	36,362	37,329	36,536	36,317	37,003	36,83	36,434	37,187	34,138	36,896	36,81	37,202	36,266	37,021
2020-07-31 19:00:00	35,194	35,768	35,972	35,666	35,618	35,806	35,022	35,529	34,994	35,217	34,659	35,139	35,423	34,241	34,907	34,692	34,855	35,425	34,694	35,369	35,733	35,37	34,598	35,801	33,1	36,027	35,586	35,849	35,283	35,682
2020-07-31 20:00:00	33,521	34,109	33,859	33,549	33,9	33,834	33,344	33,905	33,236	33,932	32,553	33,488	33,791	32,52	33,73	33,741	33,49	33,733	32,586	33,261	32,856	33,528	33,695	33,842	30,942	33,748	34,037	33,065	33,435	33,928
2020-07-31 21:00:00	32,762	32,822	32,551	31,034	32,742	32,724	31,913	32,436	31,483	31,903	29,475	32,495	31,871	29,915	32,159	32,255	31,56	32,318	31,518	32,179	31,69	32,234	32,312	32,458	30,48	32,554	33,558	31,339	32,395	32,277
2020-07-31 22:00:00	31,505	31,861	30,696	29,638	31,299	31,668	31,116	30,311	29,72	30,361	28,595	31,248	30,668	28,202	30,179	31,516	30,787	31,568	30,521	31,024	30,17	31,533	30,986	31,701	28,932	31,308	31,919	29,592	30,013	31,39
2020-07-31 23:00:00	31,089	31,198	31,201	30,775	31,436	31,278	31,009	30,442	30,843	31,031	28,422	30,924	30,438	29,213	30,768	30,999	30,797	31,323	30,636	31,062	31,082	31,136	30,867	31,159	29,54	31,206	30,867	29,348	30,567	31,254
2020-08-01 00:00:00	30,132	28,829	29,062	29,218	30,018	30,219	29,399	29,347	30,018	29,502	29,203	30,009	30,093	28,148	29,518	30,152	30,086	30,284	30,041	30,705	30,818	30,137	29,942	30,539	28,134	30,459	29,579	27,947	28,183	29,053
2020-08-01 01:00:00	28,68	27,622	27,828	26,814	27,627	28,008	27,256	27,995	27,426	27,435	25,752	29,377	28,078	25,439	26,83	27,917	27,134	28,673	28,199	27,986	28,653	28,246	27,295	28,673	25,789	28,573	28,443	27,384	26,147	27,529
2020-08-01 02:00:00	25,942	27,175	26,49	25,349	26,571	26,756	26,368	26,395	25,973	25,842	24,977	26,871	26,266	24,002	25,768	26,534	25,491	26,723	26,631	26,727	26,747	26,948	26,593	27,293	26,703	27,949	27,627	26,304	24,981	26,71
2020-08-01 03:00:00	25,941	26,039	25,757	24,906	25,659	25,814	25,508	25,503	25,088	25,318	23,551	26,208	25,911	23,754	25,069	25,88	25,25	26,008	25,512	25,514	25,875	26,146	25,25	26,382	25,754	26,574	26,91	26,197	24,843	25,828
2020-08-01 04:00:00	25,076	24,679	24,724	23,683	24,834	25,331	24,447	24,906	23,998	24,403	22,342	25,37	24,838	23,38	24,768	25,193	24,237	25,351	25,069	25,17	25,078	25,227	25,255	25,449	23,68	25,707	25,813	24,785	23,119	24,845
2020-08-01 05:00:00	24,627	24,273	23,799	22,839	24,468	24,784	23,908	23,752	23,722	24,182	21,544	24,869	24,07	22,709	24,028	24,461	23,845	25,001	25,087	24,328	24,909	25,392	24,37	25,629	24,785	25,555	25,224	24,035	22,62	24,1
2020-08-01 06:00:00	24,471	24,138	23,743	22,732	24,527	24,392	24,063	23,667	23,263	24,07	21,46	24,632	23,787	22,132	23,38	24,14	23,826	24,707	23,891	23,813	24,133	24,958	24,168	25,106	24,909	25,323	25,399	23,873	23,351	23,833
2020-08-01 07:00:00	24,602	23,993	25,278	23,732	25,578	24,553	24,604	24,305	25,213	25,099	23,884	25,158	24,158	23,298	24,935	24,864	23,482	25,894	24,417	24,075	24,438	24,244	24,632	24,597	23,91	24,513	25,116	25,128	22,113	23,761
2020-08-01 08:00:00	25,702	25,932	27,794	26,545	26,553	25,378	26,622	27,506	26,675	26,732	26,328	26,01	26,141	25,005	26,891	26,044	25,052	27,733	25,813	26,823	26,191	25,524	26,015	25,899	26,042	26,044	26,658	26,574	24,848	25,806
2020-08-01 09:00:00	27,225	27,621	28,856	28,536	28,758	27,51	29,217	29,006	29,051	29,318	29,532	27,781	29,06	27,302	28,637	27,436	27,213	29,006	27,813	28,724	27,789	27,326	27,614	27,743	27,192	27,569	27,614	28,906	26,852	27,697
2020-08-01 10:00:00	28,588	29,347	29,866	29,557	31,388	28,943	30,175	29,507	30,817	30,611	29,298	29,426	31,833	30,189	30,093	29,111	29,299	29,752	29,579	31,406	29,614	29,411	28,95	29,181	30,397	29,409	29,365	29,939	28,555	29,787
2020-08-01 11:00:00	30,063	30,808	32,644	32,161	33,236	30,594	31,243	32,554	32,52	32,601	30,547	31,318	31,986	31,828	31,926	31,543	31,833	31,4	31,183	32,027	33,615	31,934	30,807	31,278	32,205	30,641	31,496	31,771	34,394	31,203
2020-08-01 12:00:00	32,649	33,495	33,94	33,307	33,913	33,165	33,961	33,761	34,479	34,383	32,933	33,122	35,29	32,974	33,238	33,16	34,168	32,39	34,135	34,037	36,007	33,867	32,601	32,774	32,903	32,969	34,069	33,162	32,523	33,23
2020-08-01 13:00:00	35,504	35,486	35,885	35,23	36,699	36,587	35,301	36,231	36,411	36,775	34,543	34,933	35,369	34,842	35,831	35,062	35,438	34,434	35,222	35,499	36,948	35,877	34,727	34,824	34,588	34,794	35,309	34,956	36,406	35,626
2020-08-01 14:00:00	36,009	35,56	37,766	35,567	37,253	36,757	36,465	36,787	37,659	37,628	35,139	36,025	36,719	36,419	36,841	35,854	36,515	35,215	35,415	35,811	37,351	36,432	35,715	36,099	34,322	35,659	36,284	36,18	35,992	35,781
2020-08-01 15:00:00	36,277	36,182	37,984	36,526	37,573	38,259	37,047	38,149	37,354	38,043	36,35	36,97	37,954	36,301	36,812	36,085	36,587	36,205	36,207	35,86	37,852	37,581	36,274	36,701	34,594	36,66	36,93	36,845	36,022	36,312
2020-08-01 16:00:00	36,948	36,233	37,959	36,955	37,53	37,356	36,254	37,596	37,189	37,756	36,398	36,401	37,502	36,325	37,128	36,34	36,5	36,533	36,515	36,734	37,725	37,011	36,395	36,681	33,882	36,851	36,54	36,528	36,033	36,507
2020-08-01 17:00:00	35,761	35,872	36,762	35,827	37,102	36,543	35,692	37,182	36,244	37,041	35,831	36,085	36,49	35,69	36,619	35,601	35,633	35,842	35,906	35,946	36,963	36,235	35,593	36,958	35,595	36,345	36,221	35,944	35,527	36,075
2020-08-01 18:00:00	34,358	34,9	35,263	34,451	34,859	35,017	34,479	34,966	34,581	34,755	34,14	34,697	35,144	34,104	34,542	34,375	34,348	34,578	34,031	34,386	34,824	34,718	34,266	34,956	32,154	34,803	35,027	34,882	34,314	34,847
2020-08-01 19:00:00	29,32	30,214	30,398	29,819	30,071	30,102	30,088	30,055	29,767	29,798	29,697	29,515	30,195	29,099	29,793	29,576	29,476	29,69	28,986	29,259	29,91	29,897	29,208	30,061	27,971	29,861	30,313	30,864	29,789	30,222
2020-08-01 20:00:00	29,24	30,743	30,038	29,188	29,205	29,419	29,555	29,284	29,014	29,163	29,32	29,06	29,71	27,886	29,094	29,362	28,746	29,47	28,715	28,832	29,316	29,4	28,976	29,7	28,736	29,571	29,464	29,685	29,459	29,808
2020-08-01 21:00:00	29,163	29,722	29,328	28,683	29,205	29,394	29,087	29,473	28,549	28,771	27,496	29,281	29,454	27,126	28,911	29,234	28,409	29,215	28,989	29,085	29,259	29,257	29,129	29,814	29,328	29,757	30,108	29,5	28,626	29,239
2020-08-01 22:00:00	28,041	28,255	28,786	27,557	28,544	28,818	28,389	28,39	28,444	27,971	26,268	27,796	28,901	26,96	27,913	28,093	28,019	28,505	27,225	27,927	28,019	28,37	27,5	28,707	27,315	28,915	28,891	28,319	27,062	28,414
2020-08-01 23:00:00	27,327	28,126	28,08	27,638	27,952	27,893	27,861	27,615	27,716	27,349	27,462	27,317	27,985	26,277	27,274	27,529	27,442	27,586	26,877	27,192	27,634	27,755	27,09	27,787	26,192	27,93	28,093	28,531	27,556	27,869
2020-08-02 00:00:00	26,725	26,617	26,912	26,746	26,997	26,907	26,848	27,023	27,076	26,809	26,438	27,221	27,165	26,24	27,066	27,455	26,34	26,994	27,013	27,626	27,305	26,859	27,568	27,062	25,749	27,026	27,498	26,8	25,972	26,771
2020-08-02 01:00:00	26,543	26,079	25,958	25,645	26,065	26,116	26,054	26,172	26,127	26,625	25,139	26,459	26,278	25,385	26,471	26,648	26,534	27,076	26,32	26,758	26,727	26,937	25,985	27,279	25,581	27,238	26,795	25,778	24,768	26,999
2020-08-02 02:00:00	25,179	25,387	25,309	25,104	25,546	25,612	25,539	25,113	25,408	24,907	24,375	24,977	25,737	24,203	24,954	24,963	24,791	25,913	25,546	25,93	25,985	25,522	24,683	25,961	24,254	25,984	25,977	25,021	24,082	25,309
2020-08-02 03:00:00	24,252	24,137	24,126	24,04	24,144	24,231	24,244	24,375	24,368	24,191	23,796	24,301	24,574	23,3	24,364	24,342	24,088	24,503	23,87	24,296	24,24	24,487	24,054	24,737	23,153	24,511	24,82	23,868	22,508	24,238
2020-08-02 04:00:00	23,643	23,445	23,778	23,339	23,434	23,757	23,614	23,738	23,745	23,556	22,864	24,126	23,796	22,386	23,745	24,107	23,199	23,717	23,119	23,181	23,568	23,796	23,676	23,991	22,363	24,014	23,903	22,903	21,976	23,537
2020-08-02 05:00:00	23,341	22,819	23,089	22,976	23,054	23,494	23,217	23,059	23,183	22,979	22,438	23,293	23,282	21,507	23,266	23,417	23,183	23,275	22,408	21,957	23,011	23,318	22,914	23,812	21,757	23,71	23,704	22,597	21,584	22,869
2020-08-02 06:00:00	23,077	22,754	23,056	22,64	23,464	23,551	23,158	22,864	22,967	22,656	21,263	22,949	23,079	21,243	22,882	23,284	22,179	23,385	21,836	21,586	22,147	23,272	22,72	23,471	22,003	23,468	23,498	22,551	21,196	22,942
2020-08-02 07:00:00	23,445	23,272	23,71	23,369	24,037	23,454	23,577	23,425	23,604	23,757	22,914	23,364	23,245	22,748	24,009	23,773	23,064	23,447	22,819	23,164	23,517	23,567	23,169	23,411	22,433	23,279	23,905	23,519	22,668	23,478
2020-08-02 08:00:00	24,137	23,547	23,805	23,676	24,462	23,711	23,843	24,059	24,35	24,221	23,933	24,322	23,819	23,45	24,263	24,247	23,623	23,991	23,778	24,305	24,695	23,958	23,641	23,685	23,365	23,922	23,91	24,207	23,371	23,431
2020-08-02 09:00:00	24,508	25,127	26,239	26,166	26,022	25,118	26,215	25,814	25,64	26,612	26,106	25,191	25,93	25,045	25,647	25,274	25,721	25,274	24,989	25,911	28,175	24,86	25,135	25,455	25,676	25,267	25,208	25,132	24,504	25,279
2020-08-02 10:00:00	25,706	26,426	28,187	27,088	27,225	26,624	27,175	27,517	27,92	27,511	26,715	26,519	27,122	26,123	26,689	26,115	26,394	26,431	26,039	26,924	28,502	26,425	26,006	26,399	26,437	26,073	26,68	27,656	25,856	26,586
2020-08-02 11:00:00	26,625	27,351	28,717	28,115	28	27,842	27,944	29,331	28,852	28,673	27,199	27,064	27,583	27,525	27,013	27,356	27,004	26,937	26,514	26,824	28,119	26,927	27,349	27,312	26,344	27,067	27,542	28,226	27,527	27,472
2020-08-02 12:00:00	28,898	28,227	29,895	28,368	29,959	28,295	29,4	29,663	29,84	29,745	28,422	28,507	29,459	28,558	29,003	28,59	28,725	28,316	28,321	27,971	29,971	28,543	27,377	28,485	27,968	28,798	29,291	28,91	28,299	28,938
2020-08-02 13:00:00	28,299	28,453	30,159	28,881	29,321	29,602	29,382	28,717	29,833	29,579	28,309	28,807	29,722	28,266	28,927	28,823	28,322	28,663	28,58	29,22	30,278	28,747	28,064	29,392	27,954	28,781	28,852	29,094	28,141	28,795
2020-08-02 14:00:00	28,597	28,387	29,584	28,727	30,117	29,677	29,126	30,018	30,624	29,64	28,707	28,905	29,32	29,505	29,186	28,268	28,39	28,015	28,974	29,046	30,767	29,323	27,947	28,763	26,734	28,289	28,136	28,409	28,407	28,455
2020-08-02 15:00:00	27,305	27,373	27,947	27,189	27,799	27,665	27,872	27,92	27,803	27,811	27,184	27,172	27,699	27,173	27,912	27,177	27,308	27,264	27,025	27,568	27,956	27,588	27,175	27,995	25,942	27,411	27,73	27,66	27,143	27,307
2020-08-02 16:00:00	26,485	27,114	27,673	26,354	27,232	26,807	27,129	27,021	26,804	27,049	26,433	26,127	26,83	26,091	26,634	26,727	26,419	26,406	26,373	26,744	27,033	26,598	26,12	26,965	25,609	26,737	27,656	27,356	27,044	27,119
2020-08-02 17:00:00	26,146	26,228	26,752	26,092	26,9	26,905	26,912	26,871	26,479	26,442	26,147	26,552	26,208	26,187	26,751	26,588	26,146	25,726	26,385	26,128	26,438	26,804	26,082	26,397	25,196	26,632	26,698	26,818	25,927	26,378
2020-08-02 18:00:00	25,356	25,616	26,339	25,989	26,4	25,785	26,123	26,653	25,792	26,118	26,333	26,027	26,411	25,021	25,825	26,166	25,307	26,011	26,089	25,555	26,191	25,851	25,382	26,154	25,345	26,063	26,794	26,091	25,43	25,771
2020-08-02 19:00:00	25,43	25,442	25,896	25,22	25,744	25,61	25,673	25,579	25,455	25,501	25,267	25,319	25,662	24,86	25,455	25,659	25,321	25,411	24,944	25,299	25,514	25,685	25,048	25,652	24,562	25,526	26,163	25,84	24,949	25,401
2020-08-02 20:00:00	24,476	24,752	25,158	24,545	24,897	24,805	24,724	24,888	24,738	24,754	24,436	25,015	25,054	24,151	24,555	24,77	24,522	24,665	24,305	24,534	24,768	24,827	24,497	25,09	23,206	25,146	25,489	25,047	24,328	24,86
2020-08-02 21:00:00	24,088	24,485	24,499	24,088	24,223	24,422	24,42	24,17	24,216	24,202	23,926	24,102	24,382	23,62	24,23	24,447	24,079	24,056	23,639	23,942	24,221	24,219	23,942	24,441	23,125	24,546	24,429	24,564	23,798	24,324
2020-08-02 22:00:00	23,431	23,494	23,791	23,6	23,842	23,88	23,842	23,546	23,743	23,461	23,357	23,521	23,914	22,954	23,372	23,553	23,526	23,715	23,018	23,346	23,711	23,655	23,201	24,04	22,579	24,009	24,179	23,66	23,305	23,824
2020-08-02 23:00:00	23,171	22,962	23,167	22,826	23,02	23,119	23,109	23,119	23,155	23,08	22,461	23,173	23,443	22,506	22,899	23,05	23,149	23,279	22,709	23,048	23,204	23,265	22,88	23,399	22,613	23,486	23,658	22,896	22,079	23,013
2020-08-03 00:00:00	22,917	22,595	22,586	22,62	22,716	23,041	22,754	22,93	22,974	22,816	22,091	22,716	23,114	22,245	22,638	22,786	22,803	22,985	22,233	22,442	22,842	22,905	22,524	23,265	22,72	23,211	23,683	22,402	21,698	22,659
2020-08-03 01:00:00	22,408	22,343	22,308	22,104	22,361	22,418	22,561	22,233	22,501	22,37	22,082	22,526	22,568	21,516	22,363	22,502	22,326	22,451	22,193	22,324	22,534	22,547	22,096	22,938	21,458	22,656	23,07	22,138	21,469	22,34
2020-08-03 02:00:00	21,955	21,822	22,091	21,833	21,861	21,992	21,944	21,847	21,913	21,91	21,322	22,1	22,025	21,382	21,962	22,218	21,982	21,996	21,543	21,723	22,179	22,138	21,791	22,513	21,159	22,334	21,996	21,427	20,596	21,707
2020-08-03 03:00:00	21,138	21,045	21,568	21,395	21,402	21,667	21,802	21,152	21,382	21,054	21,161	21,288	21,539	20,63	21,167	21,368	21,208	21,447	20,838	21,11	21,458	21,597	20,918	21,849	20,259	21,807	21,739	20,789	20,201	21,404
2020-08-03 04:00:00	21,248	20,495	20,732	20,645	21,022	21,273	20,909	21,163	21,302	21,243	20,598	21,268	21,414	20,475	21,132	21,36	21,121	20,958	20,98	21,076	21,263	21,016	21,08	21,23	20,155	21,255	21,141	20,486	19,796	20,448
2020-08-03 05:00:00	20,956	20,598	20,656	20,391	21,358	21,389	21,411	21,056	21,192	21,074	20,116	20,922	21,027	20,49	20,918	21,281	21,067	21,205	20,596	20,782	21,205	21,255	20,736	21,647	19,907	21,377	20,691	20,439	19,735	20,674
2020-08-03 06:00:00	21,105	20,674	20,889	20,916	21,416	21,687	21,076	21,149	21,266	21,018	20,743	21,056	21,416	20,213	20,745	21,047	21,197	21,346	20,623	20,947	21,257	21,378	20,723	21,773	20,032	21,532	21,281	20,869	19,56	20,691
2020-08-03 07:00:00	20,722	21,373	21,499	20,854	21,168	21,25	21,377	21,063	21,025	20,994	20,86	20,681	21,094	20,283	20,849	20,987	20,767	20,958	20,442	20,676	21,225	21,085	20,645	21,255	20,146	21,185	21,51	20,925	20,84	21,179
2020-08-03 08:00:00	20,554	21,286	21,795	20,831	21,147	20,989	21,281	20,716	20,871	20,807	20,663	20,552	20,982	20,197	20,756	20,953	20,707	20,707	20,217	20,375	20,738	21,085	20,254	20,88	19,934	21,034	21,029	21,69	20,84	21,143
2020-08-03 09:00:00	20,182	20,698	20,887	20,493	20,771	20,891	20,945	20,751	20,619	20,537	20,483	20,455	20,989	20,037	20,453	20,541	20,285	20,226	20,059	20,03	20,736	20,696	20,581	20,916	20,146	20,896	21,802	20,78	20,475	20,834
2020-08-03 10:00:00	20,364	20,32	19,921	19,839	20,738	20,878	20,419	20,936	20,789	20,492	20,113	20,283	20,18	20,067	20,43	20,53	20,479	20,989	19,1	19,169	20,278	21,311	20,083	21,546	19,942	21,743	21,418	20,814	20,054	19,943
2020-08-03 11:00:00	19,897	20,287	20,27	20,08	20,384	20,451	20,691	20,146	20,1	19,923	20,024	19,916	20,464	19,578	19,951	19,997	19,802	20,118	19,249	19,478	19,846	19,997	19,77	20,488	19,157	20,506	21	20,559	19,958	20,301
2020-08-03 12:00:00	19,291	19,835	19,735	19,508	19,669	19,371	19,521	19,573	19,197	19,276	19,539	19,667	19,591	17,91	18,626	19,538	19,163	19,641	18,955	19,824	19,445	18,986	19,538	20,186	19,083	19,772	20,451	19,805	18,986	19,892
2020-08-03 13:00:00	18,805	18,981	18,824	18,605	18,872	18,971	19,124	18,9	18,689	18,818	18,622	19,031	18,971	18,096	18,831	18,945	18,506	18,996	20,605	20,805	19,597	18,934	19,163	18,968	18,629	19,061	20,206	19,085	18,62	19,107
2020-08-03 14:00:00	18,805	18,141	18,163	18,199	18,652	18,389	18,635	18,669	18,644	18,596	18,269	19,135	19,018	18,753	18,921	19,204	18,644	18,434	20,448	19,63	19,05	18,971	19,228	19,118	18,449	19,066	20,023	18,82	18,312	18,286
2020-08-03 15:00:00	19,745	19,916	19,58	19,428	19,691	19,654	19,669	19,689	20	19,791	19,258	20,162	19,556	19,208	20,002	19,809	19,475	19,861	20,493	20,521	19,945	19,63	20,041	20,048	19,239	20,228	21,042	20,333	19,43	19,66
2020-08-03 16:00:00	20,061	19,794	20,002	19,796	20,364	20,105	20,217	19,848	20,032	20,393	19,536	21,25	19,936	19,864	20,512	20,402	19,813	20,116	21,362	21,543	21,721	20,215	21,389	20,34	20,303	20,223	21,051	21,116	20,043	20,173
2020-08-03 17:00:00	18,893	19,864	19,759	18,777	19,739	19,262	19,016	19,304	19,208	18,641	19,152	19,053	19,761	16,711	17,795	18,624	18,359	19,26	18,747	18,956	19,323	18,241	18,534	19,297	18,962	19,547	20,442	20,472	18,869	19,504
2020-08-03 18:00:00	21,622	20,193	20,032	19,65	20,173	20,389	20,243	19,452	19,286	19,934	19,022	22,292	19,722	17,268	20,316	20,561	19,912	20,967	20,208	20,567	21,116	20,274	20,525	20,845	20,287	20,66	21,167	20,882	19,8	20,409
2020-08-03 19:00:00	19,066	19,776	19,521	19,161	20,01	19,464	19,514	19,419	19,796	19,942	19,001	18,47	19,656	18,908	20,12	19,094	19,326	19,816	17,296	17,746	18,158	19,1	18,427	19,604	18,056	19,464	20,232	20,184	19,33	19,695
2020-08-03 20:00:00	15,24	15,277	15,192	14,736	15,277	15,334	15,505	15,151	14,901	15,094	14,687	15,309	15,344	14,261	14,951	15,188	14,999	15,054	14,764	15,246	15,157	15,155	14,814	15,907	14,551	15,56	15,77	15,963	14,531	15,074
2020-08-03 21:00:00	16,433	15,885	16,311	15,285	16,162	16,63	15,446	15,582	15,198	15,967	14,713	16,284	16,01	14,497	15,452	15,998	15,319	16,53	15,756	16,886	16,094	16,098	15,803	16,956	14,943	16,123	17,738	16,024	14,923	15,967
2020-08-03 22:00:00	16,428	15,926	15,844	15,639	16,076	15,985	15,656	16,061	15,68	16,14	15,159	16,959	15,678	14,555	15,58	16,199	15,222	16,59	16,449	16,79	16,104	15,881	16,207	16,792	15,38	16,63	16,871	15,662	15,097	15,924
2020-08-03 23:00:00	16,035	15,876	15,662	15,305	15,596	15,821	15,698	15,558	15,464	15,698	14,923	16,304	15,715	14,467	15,56	16,033	15,06	16,119	15,582	15,75	15,743	15,582	15,817	16,179	15,342	16,162	16,337	15,627	14,601	15,838
2020-08-04 00:00:00	16,17	15,6	15,766	15,309	15,631	15,84	15,797	15,604	15,529	16,09	14,832	15,901	15,803	14,723	15,842	15,905	15,344	15,987	15,454	15,454	15,521	15,897	15,578	16,02	15,062	15,942	16,767	15,821	14,653	15,835
2020-08-04 01:00:00	15,658	15,611	15,748	15,147	15,541	15,866	15,527	15,696	15,502	15,723	14,884	15,643	15,688	14,321	15,645	15,864	15,411	15,866	15,161	15,257	15,517	15,766	15,49	16,018	14,981	15,934	16,309	15,672	14,693	15,858
2020-08-04 02:00:00	15,739	15,452	15,5	15,222	15,281	15,423	15,523	15,366	15,321	15,562	14,766	15,338	15,509	13,992	15,184	15,582	15,604	15,656	15,206	16,424	15,036	15,441	15,425	15,67	14,734	15,756	16,354	15,5	14,457	15,397
2020-08-04 03:00:00	15,555	15,509	15,348	15,129	15,208	15,382	15,555	15,37	15,364	15,291	14,719	15,611	15,372	13,943	14,989	15,415	15,084	15,754	15,054	15,85	15,311	15,507	15,147	15,584	14,643	15,713	16,286	15,439	14,371	15,488
2020-08-04 04:00:00	15,476	15,311	15,33	15,084	15,214	15,332	15,332	15,161	15,244	15,171	14,625	15,907	15,169	13,65	14,798	15,319	15,086	15,515	15,911	16,698	16,573	15,509	15,038	15,643	14,854	15,754	16,247	15,503	14,419	15,271
2020-08-04 05:00:00	15,705	15,238	15,439	15,119	15,173	15,277	15,376	15,317	15,413	14,878	14,695	16,234	15,25	13,86	14,727	16,086	15,107	15,523	16,193	16,756	16,94	15,358	15,782	15,698	14,719	15,936	16,296	15,421	14,417	15,285
2020-08-04 06:00:00	15,417	15,257	15,285	15,101	15,222	15,431	15,293	15,238	15,182	15,151	14,754	15,25	15,443	14,481	15,151	15,423	15,032	15,551	15,291	16,162	16,545	15,309	14,963	15,75	14,727	15,741	16,055	15,391	14,533	15,194
2020-08-04 07:00:00	15,959	16,074	16,317	15,977	17,019	16,344	16,667	15,918	17,061	16,513	15,717	16,102	16,24	15,212	16,183	16,096	15,682	17,241	15,513	16,076	16,534	16,282	15,531	17,011	15,996	17,082	17,285	16,393	15,246	16,104
2020-08-04 08:00:00	16,811	17,512	19,805	18,205	18,777	17,557	18,167	18,273	18,613	17,916	18,365	17,03	17,98	16,468	17,537	16,952	17,09	17,694	16,319	17,556	19,128	17,405	16,418	17,715	16,486	18,199	18,628	18,773	16,896	17,734
2020-08-04 09:00:00	17,371	17,723	18,504	17,447	17,696	17,594	17,927	17,649	17,523	17,838	17,201	17,466	17,647	17,034	17,489	17,462	17,142	17,245	17,027	17,405	17,719	17,449	17,233	17,723	16,713	18,137	17,893	17,872	16,956	17,793
2020-08-04 10:00:00	17,457	17,782	18,214	17,702	18,116	17,886	17,933	18,024	17,973	17,969	17,481	17,635	17,907	17,634	17,948	17,708	17,457	17,687	17,241	17,537	17,764	17,63	17,592	18,143	17,078	17,78	19,042	18,588	17,319	17,736
2020-08-04 11:00:00	18,18	18,468	19,033	18,258	18,618	18,354	18,489	19,042	18,436	18,83	18,084	18,494	18,858	18,329	18,714	18,524	18,075	18,214	18,399	18,646	18,708	18,579	18,393	18,611	17,464	18,489	19,204	19,12	18,156	18,438
2020-08-04 12:00:00	19,715	20,226	20,65	19,997	20,475	20,103	20,127	20,805	20,43	20,283	19,918	19,829	20,572	19,504	20,089	19,877	19,419	19,859	20,103	20,107	20,572	19,966	19,879	20,283	19,451	20,045	20,616	20,393	19,697	20,519
2020-08-04 13:00:00	20,444	21,092	21,854	20,331	20,978	20,803	20,736	21,038	20,818	21,067	20,541	20,698	21,286	20,338	20,816	20,629	20,263	20,583	20,652	20,887	21,007	20,552	20,417	20,78	20,14	20,769	21,485	21,434	20,51	20,863
2020-08-04 14:00:00	21,369	21,382	22,052	21,577	21,865	22,037	21,908	22,233	21,87	21,912	21,429	21,494	22,267	21,1	21,564	21,322	21,185	21,442	21,816	21,73	22,105	21,654	21,228	21,802	20,823	21,723	22,048	22,016	21,572	21,57
2020-08-04 15:00:00	21,555	22,03	22,647	21,98	22,702	22,048	22,154	22,351	22,211	21,93	21,656	21,6	22,301	21,281	21,719	21,782	21,521	21,827	22,689	22,327	22,443	21,937	21,613	22,224	21,246	22,084	23,008	22,288	21,813	22,272
2020-08-04 16:00:00	23,598	23,197	24,431	23,457	24,621	24,047	23,434	24,054	24,063	24,653	23,717	24,051	24,375	22,986	23,468	22,691	23,425	24,165	23,84	23,417	25,321	24,268	23,139	23,827	24,012	24,224	24,452	23,621	22,732	23,284
2020-08-04 17:00:00	23,949	22,599	22,995	22,77	24,21	23,554	22,641	23,401	23,061	24,569	22,259	24,942	23,185	23,826	24,994	24,191	23,655	23,917	23,98	23,669	25,671	23,794	24,259	25,281	23,392	24,114	24,261	23,713	22,297	22,761
2020-08-04 18:00:00	25,071	23,602	23,926	23,88	25,008	23,922	23,584	24,934	23,792	24,538	24,182	25,005	24,703	22,912	23,956	23,526	23,593	24,646	23,512	23,512	24,352	23,868	23,503	24,314	23,086	24,231	24,308	23,738	23,311	23,692
2020-08-04 19:00:00	23,219	23,213	23,188	23,621	23,604	23,125	23,002	23,167	22,821	22,915	22,969	23,073	23,341	22,118	22,599	22,819	22,862	23,199	22,661	22,988	23,261	23,149	22,825	23,42	21,904	23,397	23,812	22,885	22,883	23,011
2020-08-04 20:00:00	22,356	22,243	22,172	21,974	21,753	22,283	22,064	22,102	22,023	22,252	21,678	22,284	22,47	21,375	21,687	22,082	21,917	22,309	21,606	22,445	22,095	22,261	21,888	22,44	20,916	22,392	22,415	22,22	21,836	22,132
2020-08-04 21:00:00	20,763	21,474	21,584	21,25	21,245	21,829	21,528	21,243	21,045	21,214	20,803	20,949	21,33	20,714	21,089	21,183	20,687	21,573	20,752	20,643	20,433	20,933	20,887	21,917	20,21	21,831	22,13	21,407	21,067	21,452
2020-08-04 22:00:00	20,409	20,709	20,816	20,705	20,711	21,109	20,871	20,364	20,519	20,444	20,05	20,164	20,876	19,652	20,322	20,444	20,081	21,043	19,663	20,241	20,164	20,785	20,256	21,208	19,728	21,141	21,301	21,056	19,929	20,725
2020-08-04 23:00:00	19,671	19,776	19,685	19,591	19,98	20,195	19,408	19,689	19,802	19,868	19,304	20,002	20,208	17,899	19,044	19,977	19,932	20,224	19,467	19,978	19,025	19,827	19,791	20,217	18,553	20,289	20,243	19,427	18,635	19,236
2020-08-05 00:00:00	19,349	18,352	18,796	18,541	19,525	19,735	18,792	19,343	19,332	19,44	18,357	19,232	19,615	18,569	19,226	19,415	19,258	19,573	19,055	19,211	18,295	19,284	19,187	19,7	18,762	19,724	19,367	17,941	18,126	18,932
